latitude,longitude,adm3_name,weight
4.1859205331891545,36.56250000000001,Yabelo,0.0015499032770945114
4.1859205331891545,36.56250000000001,Dire,7.244648149501749e-05
4.1859205331891545,36.56250000000001,Teltale,0.08118585217001106
4.1859205331891545,36.56250000000001,Dilo,0.03592240688990861
4.1859205331891545,36.56250000000001,Dubluk,0.004628312340261568
4.1859205331891545,36.56250000000001,Elwaya,0.03908837666304336
4.1859205331891545,36.56250000000001,Dugda Dawa,0.0009066458317818764
4.1859205331891545,36.56250000000001,Suro Berguda,0.0008853577074249813
4.1859205331891545,36.56250000000001,Salamago,0.006923213719449826
4.1859205331891545,36.56250000000001,Hamer,0.0612492493231696
4.1859205331891545,36.56250000000001,Bena Tsemay,0.030148327106332466
4.1859205331891545,36.56250000000001,Dasenech /Kuraz,0.026840910022838567
4.1859205331891545,36.56250000000001,Malie,0.001242165970332913
4.1859205331891545,36.56250000000001,Nyngatom,0.027265501573251343
4.1859205331891545,36.56250000000001,Alle Special,0.00452920554891693
4.1859205331891545,36.56250000000001,Karat town,2.9786621630628133e-05
4.1859205331891545,36.56250000000001,Segen Zuria,0.0035727909003560993
4.1859205331891545,36.56250000000001,Karat Zuria,0.010375379011145065
4.1859205331891545,36.56250000000001,Kena,0.010001113073462072
4.1859205331891545,36.56250000000001,Burji Special,0.010908542788892157
4.1859205331891545,36.56250000000001,Derashe Special,0.0011807244645855816
4.1859205331891545,36.56250000000001,Surma,0.007122715143598317
4.1859205331891545,36.56250000000001,Maji,0.0046692869059652324
4.1859205331891545,39.375,Meda Welabu,0.019566449466750034
4.1859205331891545,39.375,Yabelo,0.02609252104661217
4.1859205331891545,39.375,Arero,0.04673482475127046
4.1859205331891545,39.375,Moyale (OR),0.027781735282055447
4.1859205331891545,39.375,Dire,0.02840436848200696
4.1859205331891545,39.375,Miyo,0.026697941994354636
4.1859205331891545,39.375,Dilo,0.0046831458225570265
4.1859205331891545,39.375,Dhas,0.03292979879865907
4.1859205331891545,39.375,Gomole,0.013984438068062294
4.1859205331891545,39.375,Guchi,0.015085804891339052
4.1859205331891545,39.375,Dubluk,0.019602967399561553
4.1859205331891545,39.375,Elwaya,0.0019247058202905946
4.1859205331891545,39.375,Yabelo town,0.0001667284314968067
4.1859205331891545,39.375,Wachile,0.05260033571973959
4.1859205331891545,39.375,Odo Shakiso,9.271394243997623e-05
4.1859205331891545,39.375,Liben,0.027493322335830753
4.1859205331891545,39.375,Saba Boru,0.01957435618621896
4.1859205331891545,39.375,Gora Dola,0.016077513318355115
4.1859205331891545,39.375,Negele town,9.282663906844742e-05
4.1859205331891545,39.375,Aga Wayu,0.005429741914991096
4.1859205331891545,39.375,Gumi Idalo,0.026190648903171847
4.1859205331891545,39.375,Bule Hora,0.0031900795969888062
4.1859205331891545,39.375,Dugda Dawa,0.017975381483215508
4.1859205331891545,39.375,Melka Soda,0.014907958375435222
4.1859205331891545,39.375,Suro Berguda,0.0035173057735898476
4.1859205331891545,39.375,Filtu,0.04163173767844785
4.1859205331891545,39.375,Deka Suftu,0.042519135443340496
4.1859205331891545,39.375,Bokolmayo,7.370822050575472e-05
4.1859205331891545,39.375,Moyale (SM),0.014522226524692575
4.1859205331891545,39.375,Hudet,0.01307145859597318
4.1859205331891545,39.375,Mubarek,0.07707097804342243
4.1859205331891545,39.375,Qada Duma,0.022532243153578498
4.1859205331891545,42.18749999999999,Adadle,0.02494150151678064
4.1859205331891545,42.18749999999999,Charati,0.07209116306981567
4.1859205331891545,42.18749999999999,Hargele,0.07218545885108996
4.1859205331891545,42.18749999999999,Barey,0.06382319310326312
4.1859205331891545,42.18749999999999,Dolobay,0.041596206829962554
4.1859205331891545,42.18749999999999,Kohle /Qoxle,0.025204386785543077
4.1859205331891545,42.18749999999999,God-God,0.016540722354302834
4.1859205331891545,42.18749999999999,Filtu,0.07829420286989118
4.1859205331891545,42.18749999999999,Dolo Ado,0.035746700116112494
4.1859205331891545,42.18749999999999,Bokolmayo,0.0485229152941097
4.1859205331891545,45.0,Shilabo,0.012347288293558651
4.1859205331891545,45.0,Higloley,0.003641678429600942
4.1859205331891545,45.0,Adadle,0.02575691640961182
4.1859205331891545,45.0,Kelafo,0.04667876283184963
4.1859205331891545,45.0,Mustahil,0.030880860521545546
4.1859205331891545,45.0,Ferfer,0.02240133890000191
6.976533553948637,33.75,Bure (OR),0.0038029936380322028
6.976533553948637,33.75,Sale Nono,0.006716108288614672
6.976533553948637,33.75,Sayo,0.0026608530501077347
6.976533553948637,33.75,Masha,0.00024927437180698636
6.976533553948637,33.75,Gurafereda,0.010823903893279413
6.976533553948637,33.75,Bero,0.0005184560576238764
6.976533553948637,33.75,Surma,0.015065403925149849
6.976533553948637,33.75,Akobo,0.022373789727643312
6.976533553948637,33.75,Lare,0.003614973536438113
6.976533553948637,33.75,Jikawo,0.004540318245273888
6.976533553948637,33.75,Wantawo,0.006982943313450215
6.976533553948637,33.75,Makuey,0.0042780698459871465
6.976533553948637,33.75,Gambela National Park,0.004932492062281313
6.976533553948637,33.75,Abobo,0.032814282948323455
6.976533553948637,33.75,Gambela Zuria,0.0321609666086298
6.976533553948637,33.75,Gog,0.033794292075173205
6.976533553948637,33.75,Jore,0.03469096672613114
6.976533553948637,33.75,Dima (GM),0.08747745289406329
6.976533553948637,33.75,Gambela town,0.00016204362683673774
6.976533553948637,33.75,Godere,0.0012600226745670543
6.976533553948637,33.75,Mengesh,0.01346633420818048
6.976533553948637,33.75,Itang,0.013167716274455584
6.976533553948637,36.56250000000001,Yayu,0.008722864526275548
6.976533553948637,36.56250000000001,Metu Zuria,0.005032425561007926
6.976533553948637,36.56250000000001,Ale,0.005880496399529599
6.976533553948637,36.56250000000001,Bure (OR),0.003676014886500173
6.976533553948637,36.56250000000001,Sale Nono,0.011131732557961233
6.976533553948637,36.56250000000001,Becho (Ilu Aba Bora),0.0061171196871827385
6.976533553948637,36.56250000000001,Bilo Nopha,0.00013050833416280842
6.976533553948637,36.56250000000001,Hurumu,0.004406354837673745
6.976533553948637,36.56250000000001,Didu,0.006381858037900977
6.976533553948637,36.56250000000001,Halu /Huka,0.003937207106339257
6.976533553948637,36.56250000000001,Metu town,0.00016960420927598826
6.976533553948637,36.56250000000001,Limu Seka,0.007077025327960972
6.976533553948637,36.56250000000001,Limu Kosa,0.013746349270445789
6.976533553948637,36.56250000000001,Sekoru,0.009653327665044478
6.976533553948637,36.56250000000001,Tiro Afeta,0.007771361106953203
6.976533553948637,36.56250000000001,Kersa (Jimma),0.010133689582040903
6.976533553948637,36.56250000000001,Mena (Jimma),0.005163936250927619
6.976533553948637,36.56250000000001,Goma,0.009024230595862326
6.976533553948637,36.56250000000001,Gera,0.014648335031465896
6.976533553948637,36.56250000000001,Seka Chekorsa,0.00860568369399209
6.976533553948637,36.56250000000001,Dedo,0.008190823697397893
6.976533553948637,36.56250000000001,Omo Nada,0.008158877611531137
6.976533553948637,36.56250000000001,Sigmo,0.00930842334758022
6.976533553948637,36.56250000000001,Setema,0.010785502851770781
6.976533553948637,36.56250000000001,Shebe Sambo,0.008484379729421742
6.976533553948637,36.56250000000001,Chora (Jimma),0.005124156109349849
6.976533553948637,36.56250000000001,Gumay,0.004257700699626269
6.976533553948637,36.56250000000001,Agaro town,8.541498358154208e-05
6.976533553948637,36.56250000000001,Jimma town,0.0009563978235424048
6.976533553948637,36.56250000000001,Mancho,0.007905090953878646
6.976533553948637,36.56250000000001,Omo Beyam,0.00834631783038438
6.976533553948637,36.56250000000001,Botor Tolay,0.007542806466550794
6.976533553948637,36.56250000000001,Nono,0.00024680861093659087
6.976533553948637,36.56250000000001,Ameya,5.885653181046704e-05
6.976533553948637,36.56250000000001,Goro (SW Shewa),0.0008706584435656842
6.976533553948637,36.56250000000001,Abaya,0.007438616931727396
6.976533553948637,36.56250000000001,Gelana (West Guji),0.004289872398538184
6.976533553948637,36.56250000000001,Suro Berguda,0.0002513468585671107
6.976533553948637,36.56250000000001,Chora (Buno Bedele),0.003640738182966046
6.976533553948637,36.56250000000001,Gechi,0.003543560598161494
6.976533553948637,36.56250000000001,Borecha,0.005948961532684081
6.976533553948637,36.56250000000001,Dedesa,0.008793434300780292
6.976533553948637,36.56250000000001,Bedele Zuria,0.0010077314573894616
6.976533553948637,36.56250000000001,Kebena,0.0017969188089428708
6.976533553948637,36.56250000000001,Abeshege,0.004870943964034214
6.976533553948637,36.56250000000001,Ezha,0.0008284574660068704
6.976533553948637,36.56250000000001,Endiguagn,0.0015795731185066961
6.976533553948637,36.56250000000001,Cheha,0.005146060823583463
6.976533553948637,36.56250000000001,Enemor Ener,0.006002352906585064
6.976533553948637,36.56250000000001,Muhur Na Aklil,0.000618781496079532
6.976533553948637,36.56250000000001,Geta,0.0012307179702270854
6.976533553948637,36.56250000000001,Welkite town,0.00010770531965081442
6.976533553948637,36.56250000000001,Emdebir town,7.63234307545766e-05
6.976533553948637,36.56250000000001,Enor Ener,0.003492464892754364
6.976533553948637,36.56250000000001,Misha,0.0018278457638420567
6.976533553948637,36.56250000000001,Gombora,0.0048302306686620715
6.976533553948637,36.56250000000001,Lemmo,0.0036958902309182588
6.976533553948637,36.56250000000001,Shashogo,0.0005106785915042474
6.976533553948637,36.56250000000001,Misrak Badawacho,0.0007344275103704806
6.976533553948637,36.56250000000001,Soro,0.005211664521190324
6.976533553948637,36.56250000000001,Duna,0.002321937907221116
6.976533553948637,36.56250000000001,Analemmo,0.0008124995807734896
6.976533553948637,36.56250000000001,Mirab Badowach,0.0015698913768034321
6.976533553948637,36.56250000000001,Gibe,0.004678256907754012
6.976533553948637,36.56250000000001,Hosaena town,0.00042262929448358313
6.976533553948637,36.56250000000001,Shone Town,8.361326476098477e-05
6.976533553948637,36.56250000000001,Gimbichu town,2.380459524433936e-05
6.976533553948637,36.56250000000001,Jajura town,3.428339890018246e-05
6.976533553948637,36.56250000000001,Ameka,0.001964425573934908
6.976533553948637,36.56250000000001,Mirab Soro,0.0023599852749214495
6.976533553948637,36.56250000000001,Tembaro,0.003543424898562444
6.976533553948637,36.56250000000001,Angacha,0.0015979552803049577
6.976533553948637,36.56250000000001,Kediada Gambela,0.0010150906788701324
6.976533553948637,36.56250000000001,Kacha Bira,0.0019122638299004274
6.976533553948637,36.56250000000001,Hadero Tunto,0.0018329539946142
6.976533553948637,36.56250000000001,Doyogena,0.0013630663222343694
6.976533553948637,36.56250000000001,Damboya,0.0010549840017366186
6.976533553948637,36.56250000000001,Durame town,0.00014175902791613553
6.976533553948637,36.56250000000001,Adilo,0.00022301746513213544
6.976533553948637,36.56250000000001,Shinshincho town,6.210073364223932e-05
6.976533553948637,36.56250000000001,Hadero town,0.00015279392591832026
6.976533553948637,36.56250000000001,Boloso Sore,0.003006349871421143
6.976533553948637,36.56250000000001,Damot Gale,0.002283202830989555
6.976533553948637,36.56250000000001,Damot Woide,0.0016723704174437975
6.976533553948637,36.56250000000001,Humbo,0.0033688312281741
6.976533553948637,36.56250000000001,Sodo Zuria,0.0038181579986047167
6.976533553948637,36.56250000000001,Kindo Koyesha,0.0053879904322479705
6.976533553948637,36.56250000000001,Ofa,0.0032355981058336844
6.976533553948637,36.56250000000001,Boloso Bombe,0.002839469597296598
6.976533553948637,36.56250000000001,Damot Sore,0.0018380915360260122
6.976533553948637,36.56250000000001,Kindo Daddaye,0.0028314341617346776
6.976533553948637,36.56250000000001,Damot Pullasa,0.0017216072850352367
6.976533553948637,36.56250000000001,Sodo Town,0.00026710389398421124
6.976533553948637,36.56250000000001,Areka town,0.00015507162053380162
6.976533553948637,36.56250000000001,Boditi town,0.00014269341132928812
6.976533553948637,36.56250000000001,Tebela town,3.5729161341347275e-05
6.976533553948637,36.56250000000001,Gesuba town,6.53604223797591e-05
6.976533553948637,36.56250000000001,Gununo Hamus town,4.856191682707821e-05
6.976533553948637,36.56250000000001,Hobicha Abaya,0.002855067533977529
6.976533553948637,36.56250000000001,Kawo Koisha,0.0017030587910829443
6.976533553948637,36.56250000000001,Abela Abaya,0.002134698239913335
6.976533553948637,36.56250000000001,Bayera Koisha,0.0006432943870790717
6.976533553948637,36.56250000000001,Salamago,0.04065041789896915
6.976533553948637,36.56250000000001,South Ari,0.01704152230238227
6.976533553948637,36.56250000000001,North Ari,0.0029250330590792116
6.976533553948637,36.56250000000001,Bena Tsemay,0.007318054902273677
6.976533553948637,36.56250000000001,Malie,0.013645904440008239
6.976533553948637,36.56250000000001,Nyngatom,0.0019156551713533372
6.976533553948637,36.56250000000001,Jinka town,9.243494892275551e-05
6.976533553948637,36.56250000000001,Boko Dawula,0.002567906376512875
6.976533553948637,36.56250000000001,Wub Ari,0.0015405586494989167
6.976533553948637,36.56250000000001,Selamber town,3.5702839440375905e-05
6.976533553948637,36.56250000000001,Boreda,0.004835801630668529
6.976533553948637,36.56250000000001,Mirab Abaya,0.008344630256224256
6.976533553948637,36.56250000000001,Chencha Zuriya,0.0030215482169266175
6.976533553948637,36.56250000000001,Ezo /Kogota,0.0008173074030172765
6.976533553948637,36.56250000000001,Dita,0.0029494165163205244
6.976533553948637,36.56250000000001,Daramalo,0.003768673388328607
6.976533553948637,36.56250000000001,Chencha,5.0741990727538664e-05
6.976533553948637,36.56250000000001,Kemba,0.0070112140987264576
6.976533553948637,36.56250000000001,Kemba town,2.511169565602783e-05
6.976533553948637,36.56250000000001,Gerese,0.006929979358201523
6.976533553948637,36.56250000000001,Bonke,0.0013136872155967156
6.976533553948637,36.56250000000001,Arba Minch Zuria,0.015505717508459355
6.976533553948637,36.56250000000001,Gacho Baba,0.0027196294060661402
6.976533553948637,36.56250000000001,Kucha Alpha,0.004180381946631804
6.976533553948637,36.56250000000001,Garda Marta,0.005048469219786182
6.976533553948637,36.56250000000001,Kucha,0.01028272631139644
6.976533553948637,36.56250000000001,Arba Minch town,0.00034728751441760096
6.976533553948637,36.56250000000001,Alle Special,0.0036632416335605077
6.976533553948637,36.56250000000001,Segen Zuria,0.00032251340720576885
6.976533553948637,36.56250000000001,Melekoza,0.009820966642558094
6.976533553948637,36.56250000000001,Denba Gofa,0.008282736164541471
6.976533553948637,36.56250000000001,Zala,0.007603009039961651
6.976533553948637,36.56250000000001,Uba Debre Tsehay,0.007846268819930322
6.976533553948637,36.56250000000001,Gezei Gofa,0.0054018998850918635
6.976533553948637,36.56250000000001,O'yida,0.001819179389453737
6.976533553948637,36.56250000000001,Sawla town,0.00017418603459242496
6.976533553948637,36.56250000000001,Bulike town,7.7418991737461e-05
6.976533553948637,36.56250000000001,Melo Gada,0.006337071050293737
6.976533553948637,36.56250000000001,Basketo SP Woreda,0.0042759111448034655
6.976533553948637,36.56250000000001,Mierab Azenet Berbere,0.0014274934965045893
6.976533553948637,36.56250000000001,Misrak Azenet Berbere,4.263980711467339e-05
6.976533553948637,36.56250000000001,Amaro,0.014727451970550224
6.976533553948637,36.56250000000001,Burji Special,0.0034086844135547763
6.976533553948637,36.56250000000001,Derashe Special,0.00609304453895734
6.976533553948637,36.56250000000001,Yem SP Woreda,0.007981855245525622
6.976533553948637,36.56250000000001,Anderacha,0.007891947514488544
6.976533553948637,36.56250000000001,Masha,0.010277895211776586
6.976533553948637,36.56250000000001,Yeki,0.005865948272998926
6.976533553948637,36.56250000000001,Tepi,0.00014302376204018038
6.976533553948637,36.56250000000001,Masha town,1.0475924523466363e-05
6.976533553948637,36.56250000000001,Saylem,0.008161487500044825
6.976533553948637,36.56250000000001,Gesha,0.007599340572518221
6.976533553948637,36.56250000000001,Gewata,0.009954462956612424
6.976533553948637,36.56250000000001,Gimbo,0.008142870944156774
6.976533553948637,36.56250000000001,Adiyio,0.010549777419690876
6.976533553948637,36.56250000000001,Tullo,0.005024994194412073
6.976533553948637,36.56250000000001,Cheta,0.007142415281542219
6.976533553948637,36.56250000000001,Decha,0.01120772031782402
6.976533553948637,36.56250000000001,Chena,0.005147260206714463
6.976533553948637,36.56250000000001,Bita,0.011339643742782426
6.976533553948637,36.56250000000001,Bonga town,0.000142636738710157
6.976533553948637,36.56250000000001,Goba (SP),0.019579828193519683
6.976533553948637,36.56250000000001,Shisho Ande,0.005804590340358995
6.976533553948637,36.56250000000001,Wacha,6.642614708115427e-05
6.976533553948637,36.56250000000001,Sheko,0.005101419036856618
6.976533553948637,36.56250000000001,Gurafereda,0.015544903290782692
6.976533553948637,36.56250000000001,Debub Bench,0.006499162765856305
6.976533553948637,36.56250000000001,Shay Bench,0.0057714643830420916
6.976533553948637,36.56250000000001,Semen Bench,0.0028096074885215036
6.976533553948637,36.56250000000001,Gidi Bench,0.0012743766906306725
6.976533553948637,36.56250000000001,Mizan Aman town,0.00025418150789245815
6.976533553948637,36.56250000000001,Size town,6.732470751282474e-05
6.976533553948637,36.56250000000001,Tocha,0.005519050700113517
6.976533553948637,36.56250000000001,Mareka,0.0019039181983662684
6.976533553948637,36.56250000000001,Loma,0.004424013395934719
6.976533553948637,36.56250000000001,Gena,0.004134679446117342
6.976533553948637,36.56250000000001,Isara,0.011231497556145267
6.976533553948637,36.56250000000001,Kachi,0.002249659628278751
6.976533553948637,36.56250000000001,Tercha Zuriya,0.0010234419467785778
6.976533553948637,36.56250000000001,Mari Mansa,0.0018911529653504605
6.976533553948637,36.56250000000001,Disa,0.007772161498094257
6.976533553948637,36.56250000000001,Zabagazo,0.0053494061992800076
6.976533553948637,36.56250000000001,Tercha town,5.284345055316578e-05
6.976533553948637,36.56250000000001,Gesa town,1.372617216064612e-05
6.976533553948637,36.56250000000001,Gachit,0.005433849147894371
6.976533553948637,36.56250000000001,Menit Goldiye,0.0121137733278208
6.976533553948637,36.56250000000001,Gori Gesha,0.013769166902966128
6.976533553948637,36.56250000000001,Menit Shasha,0.016684075996766867
6.976533553948637,36.56250000000001,Bero,0.0056715199251620415
6.976533553948637,36.56250000000001,Surma,0.02942826249952562
6.976533553948637,36.56250000000001,Maji,0.04380270108228483
6.976533553948637,36.56250000000001,Konta,0.024533060023846667
6.976533553948637,36.56250000000001,Dima (GM),0.001411737599887143
6.976533553948637,36.56250000000001,Godere,0.005562248922625973
6.976533553948637,36.56250000000001,Mengesh,0.003985091501932575
6.976533553948637,39.375,Adama,0.0019032970323213268
6.976533553948637,39.375,Dugda,0.010305299888038305
6.976533553948637,39.375,Adama Tulu Jido Kombolcha,0.015846338595339043
6.976533553948637,39.375,Bora (OR),0.004257973388301181
6.976533553948637,39.375,Merti,0.000798412681436571
6.976533553948637,39.375,Golocha,0.01125717745892189
6.976533553948637,39.375,Jeju,0.004564238451301635
6.976533553948637,39.375,Dodota,0.004909434110392276
6.976533553948637,39.375,Ziway Dugda,0.010576549240329414
6.976533553948637,39.375,Hitosa,0.007220047113521975
6.976533553948637,39.375,Sude,0.012207155242263753
6.976533553948637,39.375,Chole,0.006116422692758792
6.976533553948637,39.375,Amigna,0.013458719675010656
6.976533553948637,39.375,Seru,0.018418936619334296
6.976533553948637,39.375,Robe,0.013985684140147796
6.976533553948637,39.375,Tena,0.004687244661134888
6.976533553948637,39.375,Shirka,0.01218846584496249
6.976533553948637,39.375,Degeluna Tijo,0.009668160818674913
6.976533553948637,39.375,Tiyo,0.006320705080478571
6.976533553948637,39.375,Munessa,0.011308432526260133
6.976533553948637,39.375,Limu Bilbilo,0.01232285045724894
6.976533553948637,39.375,Guna,0.003368405700842223
6.976533553948637,39.375,Sire,0.004223106524117268
6.976533553948637,39.375,Lude Hitosa,0.005662506131550056
6.976533553948637,39.375,Diksis,0.004168551833138701
6.976533553948637,39.375,Bele Gesgar,0.006667555949126368
6.976533553948637,39.375,Inkolo Wabe,0.0033195693172914883
6.976533553948637,39.375,Asela town,0.00017754532785293445
6.976533553948637,39.375,Shanan Kolu,0.002266733897661465
6.976533553948637,39.375,Bekoji town,4.59911634329053e-05
6.976533553948637,39.375,Daro Lebu,0.002516389271515922
6.976533553948637,39.375,Hawi Gudina,0.020950426129427113
6.976533553948637,39.375,Burqua Dhintu,1.2398627282641314e-05
6.976533553948637,39.375,Agarfa,0.012755213151169946
6.976533553948637,39.375,Gasera,0.011785079112429455
6.976533553948637,39.375,Sinana,0.010776489948976214
6.976533553948637,39.375,Goba (OR),0.015309402415436497
6.976533553948637,39.375,Harena Buluk,0.02004658313353355
6.976533553948637,39.375,Mena (Bale),0.050927806523119686
6.976533553948637,39.375,Meda Welabu,0.06954219534664202
6.976533553948637,39.375,Berbere,0.016351459321493088
6.976533553948637,39.375,Gura Damole,0.04699034901671063
6.976533553948637,39.375,Goro (Bale),0.015795687007384443
6.976533553948637,39.375,Robe Town,0.0005729414336462799
6.976533553948637,39.375,Goba town,0.00044630241402255906
6.976533553948637,39.375,Dinsho,0.006779482255136958
6.976533553948637,39.375,Kersana Malima,0.00011284830247045768
6.976533553948637,39.375,Seden Sodo,0.001510131282559814
6.976533553948637,39.375,Goro (SW Shewa),3.996904067734175e-05
6.976533553948637,39.375,Sodo Daci,3.966066640899625e-05
6.976533553948637,39.375,Uraga,0.006376276554695702
6.976533553948637,39.375,Bore,0.004721421993318277
6.976533553948637,39.375,Adola,0.012624410053095876
6.976533553948637,39.375,Wadera,0.009918445681849103
6.976533553948637,39.375,Odo Shakiso,0.012960336885292982
6.976533553948637,39.375,Dama,0.0037181136176303686
6.976533553948637,39.375,Arda Jila,0.003066937103391779
6.976533553948637,39.375,Girja /Harenfema,0.009413790703491125
6.976533553948637,39.375,Ana Sora,0.004860179191121936
6.976533553948637,39.375,Saba Boru,0.00396081433740938
6.976533553948637,39.375,Gora Dola,0.008472607187619108
6.976533553948637,39.375,Aga Wayu,0.0011647955186617884
6.976533553948637,39.375,Haro Walabu,0.0026980541839666332
6.976533553948637,39.375,Adola town,0.0002850029715609026
6.976533553948637,39.375,Shakiso town,0.00016227211354989026
6.976533553948637,39.375,Bule Hora,0.006874830930608141
6.976533553948637,39.375,Kercha,0.005830036753256926
6.976533553948637,39.375,Hambela Wamena,0.006277509315095268
6.976533553948637,39.375,Abaya,0.011699086335266843
6.976533553948637,39.375,Dugda Dawa,0.00011082013747231333
6.976533553948637,39.375,Gelana (West Guji),0.00830111866326578
6.976533553948637,39.375,Melka Soda,0.001733444633753413
6.976533553948637,39.375,Bule Hora town,0.00013030532006547005
6.976533553948637,39.375,Suro Berguda,0.003506593516793678
6.976533553948637,39.375,Birbirsa Kojowa,0.002129628836657143
6.976533553948637,39.375,Dodola town,8.599623421146715e-05
6.976533553948637,39.375,Siraro,0.00658483678525457
6.976533553948637,39.375,Shala,0.008650579951396776
6.976533553948637,39.375,Arsi Negele,0.013430478424443754
6.976533553948637,39.375,Kofele,0.006994186457619067
6.976533553948637,39.375,Kore,0.0052389160656234795
6.976533553948637,39.375,Gedeb Asasa,0.011978766538493281
6.976533553948637,39.375,Dodola,0.01718554951390145
6.976533553948637,39.375,Kokosa,0.006599831886682191
6.976533553948637,39.375,Nenesebo,0.017070964709515656
6.976533553948637,39.375,Adaba,0.02255910937943021
6.976533553948637,39.375,Shashemene town,0.0001121442030084191
6.976533553948637,39.375,Shashemene Zuria,0.007240870501165862
6.976533553948637,39.375,Heban Arsi,0.005763358359843832
6.976533553948637,39.375,Wondo,0.0008716436397193071
6.976533553948637,39.375,Bishan Guracha,0.00047268257663810677
6.976533553948637,39.375,Arsi Negele town,0.0003274326790435249
6.976533553948637,39.375,Gololcha Bale,0.020341188816711066
6.976533553948637,39.375,Lege Hida,0.000872405470251758
6.976533553948637,39.375,Ginir,0.01523635864958826
6.976533553948637,39.375,Seweyna,0.00024909079351315345
6.976533553948637,39.375,Dawe Ketchen,0.005844663907146129
6.976533553948637,39.375,Ginir town,0.000363281815759071
6.976533553948637,39.375,Filtu,0.00010531820775663873
6.976533553948637,39.375,Kebena,0.0005813375671362568
6.976533553948637,39.375,Ezha,0.002669442554322775
6.976533553948637,39.375,Gedebano Gutazer Welene,0.004215919821150212
6.976533553948637,39.375,Sodo,0.004133936139423509
6.976533553948637,39.375,Meskan,0.0034608287355030526
6.976533553948637,39.375,Mareko,0.003139713052601377
6.976533553948637,39.375,Gumer,0.0024357256544368243
6.976533553948637,39.375,Cheha,0.0007063533087588286
6.976533553948637,39.375,Muhur Na Aklil,0.004328504258561112
6.976533553948637,39.375,Geta,0.0008613722610659153
6.976533553948637,39.375,Butajira town,0.00016868499185821706
6.976533553948637,39.375,Bui town,3.6736286762500195e-05
6.976533553948637,39.375,Misrak Meskan,0.0011322578175651458
6.976533553948637,39.375,Debub Sodo,0.002898842935946243
6.976533553948637,39.375,Shashogo,0.0032032387253695203
6.976533553948637,39.375,Misrak Badawacho,0.0017603189315548245
6.976533553948637,39.375,Analemmo,0.0015289579062535187
6.976533553948637,39.375,Siraro Badawacho,0.0005259020401552953
6.976533553948637,39.375,Damboya,0.0006479152672624986
6.976533553948637,39.375,Adilo,0.000603223359613302
6.976533553948637,39.375,Wenago,0.00144073714813405
6.976533553948637,39.375,Yirgachefe,0.0025553220014853826
6.976533553948637,39.375,Kochere,0.0016014048255942775
6.976533553948637,39.375,Bule,0.001315133466095555
6.976533553948637,39.375,Dila Zuria,0.0013023126514869476
6.976533553948637,39.375,Gedeb,0.0019766206914547373
6.976533553948637,39.375,Dila town,0.00014834536317806743
6.976533553948637,39.375,Chelelektu town,1.6632765812520602e-05
6.976533553948637,39.375,Rape,0.0017416516606267398
6.976533553948637,39.375,Churso,0.0018585582070665496
6.976533553948637,39.375,Gedeb town,0.00019130673717856797
6.976533553948637,39.375,Yirgachefe town,2.296278496154103e-05
6.976533553948637,39.375,Damot Gale,0.00023962013325303964
6.976533553948637,39.375,Damot Woide,0.0005769304873059286
6.976533553948637,39.375,Duguna Fango,0.004372520869657497
6.976533553948637,39.375,Hobicha Abaya,0.0017663445103719053
6.976533553948637,39.375,Kulito town,0.0001026755958677272
6.976533553948637,39.375,Wera,0.0033236881548461177
6.976533553948637,39.375,Atote Ulo,0.0015444449588120212
6.976533553948637,39.375,Wera Djo,0.005230502997014576
6.976533553948637,39.375,Alicho Woriro,0.0027447866208535126
6.976533553948637,39.375,Siltie,0.003522619260707006
6.976533553948637,39.375,Lanfero,0.0023976939258494577
6.976533553948637,39.375,Mierab Azenet Berbere,0.0001722506949488647
6.976533553948637,39.375,Dalocha,0.0031466132229564566
6.976533553948637,39.375,Sankura,0.0028935365071251625
6.976533553948637,39.375,Misrak Azenet Berbere,0.0017119328690177714
6.976533553948637,39.375,Wulbareg,0.004156459110694099
6.976533553948637,39.375,Tora town,0.0002660749875709447
6.976533553948637,39.375,Worabe town,0.001319048286384757
6.976533553948637,39.375,Kibet town,0.0005031851146189126
6.976533553948637,39.375,Mito,0.00214982678608749
6.976533553948637,39.375,Misrak Siltie,0.001193389086198143
6.976533553948637,39.375,Amaro,0.0021784392540092276
6.976533553948637,39.375,Shebe Dino,0.0017264854378906142
6.976533553948637,39.375,Hawassa Zuria,0.003063022074247546
6.976533553948637,39.375,Arbegona,0.002366408595079252
6.976533553948637,39.375,Dale,0.002996833335940231
6.976533553948637,39.375,Aleta Wendo,0.0020566153790727774
6.976533553948637,39.375,Dara,0.0015410749426741823
6.976533553948637,39.375,Hulla,0.001684832620291747
6.976533553948637,39.375,Bensa,0.003497963473785176
6.976533553948637,39.375,Aroresa,0.004238780597780874
6.976533553948637,39.375,Boricha,0.0011535335992648847
6.976533553948637,39.375,Gorche,0.0017684942317878563
6.976533553948637,39.375,Malga,0.0018678065563108403
6.976533553948637,39.375,Wonosho,0.001498744997848556
6.976533553948637,39.375,Chire,0.0017189739476090574
6.976533553948637,39.375,Bursa,0.0016632505371440166
6.976533553948637,39.375,Aleta Chuko,0.0030092503913816426
6.976533553948637,39.375,Bona Zuria,0.002091350265419201
6.976533553948637,39.375,Hawasa town,0.0017404621333704181
6.976533553948637,39.375,Wondo-Genet,0.002138195912663108
6.976533553948637,39.375,Yirgalem town,0.00014249114783086608
6.976533553948637,39.375,Aleta Wondo town,5.467088049321317e-05
6.976533553948637,39.375,Leku town,2.8068557016950495e-05
6.976533553948637,39.375,Hawela,0.0009833950849015656
6.976533553948637,39.375,Bura,0.001064560276965595
6.976533553948637,39.375,Dara Otilicho,0.0011967110099264054
6.976533553948637,39.375,Teticha,0.0013263089842882939
6.976533553948637,39.375,Chirone,0.0007541104353708352
6.976533553948637,39.375,Shafamo,0.0012084764416776946
6.976533553948637,39.375,Chabe Gambeltu,0.0012812974229617427
6.976533553948637,39.375,Daye town,2.676222598565036e-05
6.976533553948637,39.375,Hokko,0.0036443911353513654
6.976533553948637,39.375,Bilate Zuria,0.0028339593064737765
6.976533553948637,39.375,Darara,0.0028738812359656294
6.976533553948637,39.375,Daella,0.001608256864607412
6.976533553948637,39.375,Chuko town,2.058079869586759e-05
6.976533553948637,39.375,Loka Abaya,0.008835560603370015
6.976533553948637,42.18749999999999,Hawi Gudina,0.010928067739108357
6.976533553948637,42.18749999999999,Burqua Dhintu,0.017671819707258674
6.976533553948637,42.18749999999999,Babile (OR),0.004423125922241793
6.976533553948637,42.18749999999999,Golo Oda,0.0012043154433154552
6.976533553948637,42.18749999999999,Meyu Muleke,0.00848293695174554
6.976533553948637,42.18749999999999,Kumbi,0.02801425298468807
6.976533553948637,42.18749999999999,Meda Welabu,0.002194581071788138
6.976533553948637,42.18749999999999,Gura Damole,0.0065130144491909936
6.976533553948637,42.18749999999999,Gololcha Bale,0.0027238125493561196
6.976533553948637,42.18749999999999,Lege Hida,0.04902802033328925
6.976533553948637,42.18749999999999,Ginir,0.009191060405287988
6.976533553948637,42.18749999999999,Rayitu,0.0525222636284696
6.976533553948637,42.18749999999999,Seweyna,0.09572346218068528
6.976533553948637,42.18749999999999,Dawe Ketchen,0.011759556790895282
6.976533553948637,42.18749999999999,Goljano,0.0038594821904565117
6.976533553948637,42.18749999999999,Degehamedo,0.03598293010908079
6.976533553948637,42.18749999999999,Degehabur,0.015981188115196162
6.976533553948637,42.18749999999999,Bilcil-Bur,0.006280003862298411
6.976533553948637,42.18749999999999,Degahabur town,0.0019145673503562209
6.976533553948637,42.18749999999999,Burqod,0.01192460318104988
6.976533553948637,42.18749999999999,Fik,0.032149346326898455
6.976533553948637,42.18749999999999,Salahad,0.0015513375728348892
6.976533553948637,42.18749999999999,Hamero,0.02395645309989271
6.976533553948637,42.18749999999999,Lagahida,0.005630458178051929
6.976533553948637,42.18749999999999,Meyumuluka,0.0036875825988520582
6.976533553948637,42.18749999999999,Qubi,0.005103186677361181
6.976533553948637,42.18749999999999,Yahob,0.017821903378077097
6.976533553948637,42.18749999999999,Wangey,0.005232576854507318
6.976533553948637,42.18749999999999,East Imi,0.03335627428840428
6.976533553948637,42.18749999999999,Adadle,0.033922166195453726
6.976533553948637,42.18749999999999,Danan,0.01644729353867933
6.976533553948637,42.18749999999999,Gode,0.0068464698793597855
6.976533553948637,42.18749999999999,Berocano,0.024373451843100837
6.976533553948637,42.18749999999999,Godey town,0.0007195089064455063
6.976533553948637,42.18749999999999,Aba-Korow,0.021828450989523594
6.976533553948637,42.18749999999999,Charati,0.016055409016042785
6.976533553948637,42.18749999999999,Elkare /Serer,0.06986714562789127
6.976533553948637,42.18749999999999,West Imi,0.040940125692871705
6.976533553948637,42.18749999999999,Hargele,0.015264327871604045
6.976533553948637,42.18749999999999,Raso,0.003097958616395083
6.976533553948637,42.18749999999999,Kohle /Qoxle,0.0009388287804213094
6.976533553948637,42.18749999999999,Filtu,0.004102934671375235
6.976533553948637,42.18749999999999,Goro Baqaqsa,0.048234180327100265
6.976533553948637,42.18749999999999,Guradamole,0.02942502639915547
6.976533553948637,42.18749999999999,Ayun,0.018777478409640908
6.976533553948637,42.18749999999999,Elwayne,0.025205638285362646
6.976533553948637,42.18749999999999,Garbo,0.032644752754772986
6.976533553948637,42.18749999999999,Sagag,0.027267128392921742
6.976533553948637,42.18749999999999,Dihun,0.02202690162154625
6.976533553948637,42.18749999999999,Horshagah,0.020867847849043497
6.976533553948637,42.18749999999999,Hararey,0.016333802947828827
6.976533553948637,45.0,Degehabur,0.017547121557762863
6.976533553948637,45.0,Aware,0.02877797355232587
6.976533553948637,45.0,Gashamo,0.09458576230464712
6.976533553948637,45.0,Gunagado,0.025443590126794296
6.976533553948637,45.0,Degahabur town,0.000618347395776163
6.976533553948637,45.0,Yocale,0.0051828192328643
6.976533553948637,45.0,Daror,0.027026464859382964
6.976533553948637,45.0,Burqod,0.016036165971023614
6.976533553948637,45.0,Dig,0.01477492737659725
6.976533553948637,45.0,Shaygosh,0.018069016651886878
6.976533553948637,45.0,Kebridehar,0.024956679601174724
6.976533553948637,45.0,Shilabo,0.10907440403306015
6.976533553948637,45.0,Debeweyin,0.025881845034967724
6.976533553948637,45.0,Marsin,0.036733026558341694
6.976533553948637,45.0,Kebridehar town,0.0012012374393558436
6.976533553948637,45.0,Goglo,0.024577234027794742
6.976533553948637,45.0,Lasdhankayre,0.013293145253763395
6.976533553948637,45.0,Higloley,0.023401085732792794
6.976533553948637,45.0,El-Ogaden,0.021367335992267297
6.976533553948637,45.0,Bodaley,0.033753026941578244
6.976533553948637,45.0,Adadle,0.008690208950565347
6.976533553948637,45.0,Danan,0.005572078373214132
6.976533553948637,45.0,Gode,0.017235879375508426
6.976533553948637,45.0,Kelafo,0.011899441496857613
6.976533553948637,45.0,Godey town,9.397280146821364e-05
6.976533553948637,45.0,Elale,0.021368487014138408
6.976533553948637,45.0,Danod,0.08084449110911521
6.976533553948637,45.0,Bokh,0.0160977352898293
6.976533553948637,45.0,Galadi,0.07137194339184347
6.976533553948637,45.0,Warder,0.10910991191660467
6.976533553948637,45.0,Daratole,0.010356704723421312
6.976533553948637,45.0,Lehel-Yucub,0.028770220026957977
6.976533553948637,45.0,Horshagah,0.003673817084668651
6.976533553948637,47.81250000000001,Danod,0.00013428190294439925
6.976533553948637,47.81250000000001,Bokh,0.06820580448947981
6.976533553948637,47.81250000000001,Galadi,0.036251865623343156
6.976533553948637,47.81250000000001,Galhamur,0.05605773283263621
9.76714555919557,33.75,Mana Sibu,0.015562309564520043
9.76714555919557,33.75,Kiltu Kara,1.884548225569861e-05
9.76714555919557,33.75,Ayira,0.00012555064800518905
9.76714555919557,33.75,Gudetu Kondole,0.013245068473521908
9.76714555919557,33.75,Babo,0.006790300666645046
9.76714555919557,33.75,Begi,0.009082264770924687
9.76714555919557,33.75,Guliso,0.0005292882920397502
9.76714555919557,33.75,Mendi town,0.0003584497067043645
9.76714555919557,33.75,Darimu,0.00039941556503177714
9.76714555919557,33.75,Bure (OR),0.002973198371762145
9.76714555919557,33.75,Hawa Galan,0.008042306204546542
9.76714555919557,33.75,Yama Logi Welel,0.005934126971056435
9.76714555919557,33.75,Dale Wabera,0.005329712958470981
9.76714555919557,33.75,Gawo Kebe,0.011946855924523297
9.76714555919557,33.75,Sayo,0.009089239387319254
9.76714555919557,33.75,Denbi Dollo town,0.00017528082752346543
9.76714555919557,33.75,Anfilo,0.01643939035798523
9.76714555919557,33.75,Dale Sadi,0.0009879594845673154
9.76714555919557,33.75,Gidami,0.02261402352528303
9.76714555919557,33.75,Jimma Horo,0.004380823199241022
9.76714555919557,33.75,Sedi Chenka,0.0031185842073224073
9.76714555919557,33.75,Guba,5.2581371901108844e-05
9.76714555919557,33.75,Wembera,1.7778198543371032e-05
9.76714555919557,33.75,Menge,0.011349754687470782
9.76714555919557,33.75,Kurmuk,0.013226473713739738
9.76714555919557,33.75,Assosa,0.030533813249590203
9.76714555919557,33.75,Sherkole,0.019585404240224008
9.76714555919557,33.75,Bambasi,0.015626530067177867
9.76714555919557,33.75,Bilidigilu,0.01144882396045816
9.76714555919557,33.75,Homosha,0.007412824992122374
9.76714555919557,33.75,Undulu,0.004858900294142375
9.76714555919557,33.75,Assosa town Administration,0.00015248253364471255
9.76714555919557,33.75,Sedal,0.011051315936391812
9.76714555919557,33.75,Maokomo Special,0.0333631624590127
9.76714555919557,33.75,Lare,0.0023295600047654177
9.76714555919557,33.75,Jikawo,0.002390255232616605
9.76714555919557,33.75,Wantawo,0.002865044830425174
9.76714555919557,33.75,Gambela Zuria,0.002198054274280819
9.76714555919557,33.75,Itang,0.009830193250302516
9.76714555919557,36.56250000000001,Bibugn,0.004212770190910064
9.76714555919557,36.56250000000001,Hulet Ej Enese,0.010940842267392194
9.76714555919557,36.56250000000001,Enarj Enawga,0.0002099005348666066
9.76714555919557,36.56250000000001,Debay Telatgen,0.002398178302389413
9.76714555919557,36.56250000000001,Debre Elias,0.012540529449540988
9.76714555919557,36.56250000000001,Michakel,0.007729546941333485
9.76714555919557,36.56250000000001,Guzamn,0.012381573572958774
9.76714555919557,36.56250000000001,Baso Liben,0.012036368792831046
9.76714555919557,36.56250000000001,Awabel,0.0022618111699593763
9.76714555919557,36.56250000000001,Debre Markos town,0.000692456256086888
9.76714555919557,36.56250000000001,Senan,0.0045948772534842135
9.76714555919557,36.56250000000001,Aneded,0.0071624036987654035
9.76714555919557,36.56250000000001,Amanuel town,2.3636354827318557e-05
9.76714555919557,36.56250000000001,Lumame town,1.6080933840777362e-05
9.76714555919557,36.56250000000001,Mota Town,6.953427776713415e-05
9.76714555919557,36.56250000000001,Yilmana Densa,0.0014649389319415047
9.76714555919557,36.56250000000001,Sekela,0.008072610679612877
9.76714555919557,36.56250000000001,Quarit,0.006355239123412582
9.76714555919557,36.56250000000001,Dega Damot,0.008758912105533008
9.76714555919557,36.56250000000001,Dembecha,0.010148521665719862
9.76714555919557,36.56250000000001,Jabi Tehnan,0.01260410021123849
9.76714555919557,36.56250000000001,Bure (AM),0.008427513794451773
9.76714555919557,36.56250000000001,Wemberma,0.014489510539521348
9.76714555919557,36.56250000000001,Finote Selam town,0.00044904323446635935
9.76714555919557,36.56250000000001,Debub Mecha,0.0010611799227004254
9.76714555919557,36.56250000000001,Shendi town,1.9000720388331874e-05
9.76714555919557,36.56250000000001,Denbecha town,7.288212900416541e-05
9.76714555919557,36.56250000000001,Gonje,0.002671828587118957
9.76714555919557,36.56250000000001,Jiga town,3.5900914249627615e-05
9.76714555919557,36.56250000000001,Bure town,0.0001310494352478058
9.76714555919557,36.56250000000001,Dangila,0.0016960134710860976
9.76714555919557,36.56250000000001,Banja,0.005057599562178404
9.76714555919557,36.56250000000001,Ankasha,0.0052391415751141595
9.76714555919557,36.56250000000001,Guangua,0.024661503707376103
9.76714555919557,36.56250000000001,Fagta Lakoma,0.006580797227878753
9.76714555919557,36.56250000000001,Jawi,0.00021942117045853132
9.76714555919557,36.56250000000001,Guagusa Shikudad,0.0030820677188209524
9.76714555919557,36.56250000000001,Ayehu Guwagusa,0.005664218089135057
9.76714555919557,36.56250000000001,Agew Gimija Bet,8.654208302368234e-05
9.76714555919557,36.56250000000001,Adiss Kidame town,2.1630404642632618e-05
9.76714555919557,36.56250000000001,Tilili town,3.520306169629579e-05
9.76714555919557,36.56250000000001,Injibara town,0.0002939102306418375
9.76714555919557,36.56250000000001,Zigem,2.944486408224947e-05
9.76714555919557,36.56250000000001,Chagni town,0.00018252074767676862
9.76714555919557,36.56250000000001,Mana Sibu,0.003408033499880608
9.76714555919557,36.56250000000001,Nejo,0.0067712208150156345
9.76714555919557,36.56250000000001,Gimbi,0.009430935154792158
9.76714555919557,36.56250000000001,Lalo Asabi,0.003967685304794681
9.76714555919557,36.56250000000001,Kiltu Kara,0.0043820507152678954
9.76714555919557,36.56250000000001,Boji Dirmeji,0.005230813503705997
9.76714555919557,36.56250000000001,Ayira,0.005263767713077771
9.76714555919557,36.56250000000001,Jarso (West Wellega),0.004926236906652602
9.76714555919557,36.56250000000001,Boji Chekorsa,0.003599277164098413
9.76714555919557,36.56250000000001,Babo,0.0026305429240835944
9.76714555919557,36.56250000000001,Yubdo,0.003226003036343621
9.76714555919557,36.56250000000001,Gaji,0.0031662874641813937
9.76714555919557,36.56250000000001,Haru,0.0048555005504404515
9.76714555919557,36.56250000000001,Nole Kaba,0.006610572970231555
9.76714555919557,36.56250000000001,Homa,0.0009500101505860457
9.76714555919557,36.56250000000001,Sayo Nole,0.006421141159664036
9.76714555919557,36.56250000000001,Guliso,0.00552259571176925
9.76714555919557,36.56250000000001,Gimbi town,0.00031472118242102665
9.76714555919557,36.56250000000001,Leta Sibu,0.003048042515050742
9.76714555919557,36.56250000000001,Nejo town,0.000282866946039593
9.76714555919557,36.56250000000001,Limu (OR),0.011559077731806667
9.76714555919557,36.56250000000001,Ibantu,0.008688851433357524
9.76714555919557,36.56250000000001,Gida Ayana,0.01685256292072703
9.76714555919557,36.56250000000001,Haro Limu,0.012302464055196872
9.76714555919557,36.56250000000001,Boneya Boshe,0.004966880284114936
9.76714555919557,36.56250000000001,Wayu Tuka,0.004222432846872836
9.76714555919557,36.56250000000001,Bila Seyo,0.007026814287689918
9.76714555919557,36.56250000000001,Gobu Seyo,0.003576660524004236
9.76714555919557,36.56250000000001,Sibu Sire,0.01098026256322088
9.76714555919557,36.56250000000001,Diga,0.0059128538178176695
9.76714555919557,36.56250000000001,Sasiga,0.008211414051841694
9.76714555919557,36.56250000000001,Leka Dulecha,0.006460885713312525
9.76714555919557,36.56250000000001,Guto Gida,0.009872978243772368
9.76714555919557,36.56250000000001,Jimma Arjo,0.008002052514904214
9.76714555919557,36.56250000000001,Nunu Kumba,0.006327704737322735
9.76714555919557,36.56250000000001,Wama Hagalo,0.00649899202229787
9.76714555919557,36.56250000000001,Kiremu,0.011140446076852557
9.76714555919557,36.56250000000001,Nekemte town,0.0006104410635088596
9.76714555919557,36.56250000000001,Darimu,0.014014201361856354
9.76714555919557,36.56250000000001,Alge Sachi,0.009137187748987344
9.76714555919557,36.56250000000001,Yayu,0.00081274438002626
9.76714555919557,36.56250000000001,Metu Zuria,0.002816254508491037
9.76714555919557,36.56250000000001,Bure (OR),0.00093577531664746
9.76714555919557,36.56250000000001,Bilo Nopha,0.004009706652698239
9.76714555919557,36.56250000000001,Hurumu,0.00023342506808712895
9.76714555919557,36.56250000000001,Dorani,0.0044127960699645264
9.76714555919557,36.56250000000001,Limu Seka,0.01046573265434173
9.76714555919557,36.56250000000001,Chora (Jimma),0.003606332936518213
9.76714555919557,36.56250000000001,Botor Tolay,0.0024753119942373183
9.76714555919557,36.56250000000001,Nono Benja,0.00867371849060897
9.76714555919557,36.56250000000001,Illu Galan,0.004439856478222684
9.76714555919557,36.56250000000001,Ginde Beret,0.013509075557604413
9.76714555919557,36.56250000000001,Jeldu,0.0001685880809015175
9.76714555919557,36.56250000000001,Ambo Zuria,0.008704384682690296
9.76714555919557,36.56250000000001,Mida Kegn,0.009546083348742284
9.76714555919557,36.56250000000001,Cheliya,0.004078025502825418
9.76714555919557,36.56250000000001,Bako Tibe,0.0066974212195635196
9.76714555919557,36.56250000000001,Dano,0.006908228667928596
9.76714555919557,36.56250000000001,Nono,0.007010017637323199
9.76714555919557,36.56250000000001,Tikur Enchini,0.004581627405034728
9.76714555919557,36.56250000000001,Dendi,0.00028034054683673504
9.76714555919557,36.56250000000001,Ambo town,0.00042106660071584604
9.76714555919557,36.56250000000001,Abuna Ginde Beret,0.005533703040122353
9.76714555919557,36.56250000000001,Toke Kutaye,0.005763068722076448
9.76714555919557,36.56250000000001,Jibat,0.005060368412936419
9.76714555919557,36.56250000000001,Ifata,0.00323708030952701
9.76714555919557,36.56250000000001,Cobi,0.005347499262958429
9.76714555919557,36.56250000000001,Liban Jawi,0.0033280817168219617
9.76714555919557,36.56250000000001,Wara Jarso,0.0001902071254928739
9.76714555919557,36.56250000000001,Ameya,0.009891142478644617
9.76714555919557,36.56250000000001,Wenchi,0.004775358297127004
9.76714555919557,36.56250000000001,Waliso,0.0011270602407705088
9.76714555919557,36.56250000000001,Dawo,5.777794643443224e-05
9.76714555919557,36.56250000000001,Woliso town,3.325370202819788e-05
9.76714555919557,36.56250000000001,Goro (SW Shewa),0.003227316006912039
9.76714555919557,36.56250000000001,Chora (Buno Bedele),0.0049763141691240975
9.76714555919557,36.56250000000001,Dega,0.003699874569876522
9.76714555919557,36.56250000000001,Dabo Hana,0.007811139629326434
9.76714555919557,36.56250000000001,Gechi,0.0030801887450519466
9.76714555919557,36.56250000000001,Borecha,0.00177713991513331
9.76714555919557,36.56250000000001,Meko,0.005974076624870416
9.76714555919557,36.56250000000001,Bedele town,8.904014106863354e-05
9.76714555919557,36.56250000000001,Bedele Zuria,0.006776016927853861
9.76714555919557,36.56250000000001,Chwaka,0.006531382337116368
9.76714555919557,36.56250000000001,Hawa Galan,0.0002494804506375761
9.76714555919557,36.56250000000001,Dale Wabera,0.00021767632860183046
9.76714555919557,36.56250000000001,Dale Sadi,0.005056508476969981
9.76714555919557,36.56250000000001,Lalo Kile,0.004956751768870589
9.76714555919557,36.56250000000001,Horo,0.004104217167144004
9.76714555919557,36.56250000000001,Shambu town,5.384315080724872e-05
9.76714555919557,36.56250000000001,Guduru,0.009077337288160953
9.76714555919557,36.56250000000001,Ababo,0.010022025411674502
9.76714555919557,36.56250000000001,Abay Chomen,0.008899364771297418
9.76714555919557,36.56250000000001,Jimma Genete,0.004441395513888394
9.76714555919557,36.56250000000001,Jimma Rare,0.0036075579912193197
9.76714555919557,36.56250000000001,Jarte Jardega,0.010770067235254605
9.76714555919557,36.56250000000001,Amuru,0.013219007662777105
9.76714555919557,36.56250000000001,Abe Dongoro,0.011496998908467705
9.76714555919557,36.56250000000001,Choman Guduru,0.004685373450063932
9.76714555919557,36.56250000000001,Horo Buluk,0.005354011521166523
9.76714555919557,36.56250000000001,Gilgel Beles town,4.01207949375344e-05
9.76714555919557,36.56250000000001,Dangur,0.008357825238847448
9.76714555919557,36.56250000000001,Guba,0.006047687130596454
9.76714555919557,36.56250000000001,Wembera,0.07529378321088234
9.76714555919557,36.56250000000001,Mandura,0.010538250072660184
9.76714555919557,36.56250000000001,Dibate,0.022775724763017705
9.76714555919557,36.56250000000001,Pawe,8.85304482333303e-05
9.76714555919557,36.56250000000001,Bulen,0.031127691739754933
9.76714555919557,36.56250000000001,Bilidigilu,0.006472206172549384
9.76714555919557,36.56250000000001,Kamashi town,0.00029311445357477087
9.76714555919557,36.56250000000001,Zayi,0.027616669880756936
9.76714555919557,36.56250000000001,Sedal,0.013865087220380658
9.76714555919557,36.56250000000001,Kamashi,0.015573334995862415
9.76714555919557,36.56250000000001,Dembe,0.018902242620249244
9.76714555919557,36.56250000000001,Mizyiga,0.017856572965468605
9.76714555919557,36.56250000000001,Kebena,1.081726703521398e-05
9.76714555919557,36.56250000000001,Abeshege,0.0005903363299256326
9.76714555919557,39.375,Adar,0.004705584158899692
9.76714555919557,39.375,Amibara,0.00675579520184204
9.76714555919557,39.375,Awash,0.010635595646499805
9.76714555919557,39.375,Gewane,0.0472194444168887
9.76714555919557,39.375,Dulecha,0.015545374963582556
9.76714555919557,39.375,Gelalu,0.00832922041535964
9.76714555919557,39.375,Arguba,0.00386430495754239
9.76714555919557,39.375,Hanruka,0.02964389625572556
9.76714555919557,39.375,Awash town,0.00012339363729308998
9.76714555919557,39.375,Telalek,0.01164276924843832
9.76714555919557,39.375,Samurobi,0.015175879363625414
9.76714555919557,39.375,Dawe,0.007892914451861244
9.76714555919557,39.375,Dalefage,0.01029515002608954
9.76714555919557,39.375,Hadelela,0.013221199835350831
9.76714555919557,39.375,Semada,0.002110343180168765
9.76714555919557,39.375,East Esite,5.968049603920857e-05
9.76714555919557,39.375,Sede Muja,3.318118324678742e-05
9.76714555919557,39.375,Argoba,0.0033208096686578883
9.76714555919557,39.375,Tenta,0.005430501229097321
9.76714555919557,39.375,Kutaber,0.000447732515416737
9.76714555919557,39.375,Kalu,0.006492273307117395
9.76714555919557,39.375,Albuko,0.005024464338884458
9.76714555919557,39.375,Dessie Zuria,0.009052909538611468
9.76714555919557,39.375,Legambo,0.01051395069259034
9.76714555919557,39.375,Sayint,0.012659179930670525
9.76714555919557,39.375,Borena /Debresina,0.010728027757267293
9.76714555919557,39.375,Kelela,0.015016197156888022
9.76714555919557,39.375,Jama,0.011034213795866134
9.76714555919557,39.375,Were Ilu,0.007768081626443462
9.76714555919557,39.375,Wegde,0.011805017469966107
9.76714555919557,39.375,Kombolcha town,0.0013216262900889717
9.76714555919557,39.375,Dessie town,0.0013181173320648467
9.76714555919557,39.375,Mehal Sayint,0.006328363274812614
9.76714555919557,39.375,Legehida,0.005618384388077977
9.76714555919557,39.375,Mekdela,0.003254999474447043
9.76714555919557,39.375,Wereilu town,3.5303169613776214e-05
9.76714555919557,39.375,Degolo town,4.0242506170980095e-05
9.76714555919557,39.375,Kelala town,2.1396746546185564e-05
9.76714555919557,39.375,Akeseta town,0.00010974390157006572
9.76714555919557,39.375,Tulu Awlia,1.9759632850157717e-05
9.76714555919557,39.375,Harbu town,2.608798448647219e-05
9.76714555919557,39.375,Mekane Selame,0.00010206077831511914
9.76714555919557,39.375,Mida Woremo,0.008916393362708337
9.76714555919557,39.375,Merhabete,0.010983109296702076
9.76714555919557,39.375,Ensaro,0.004743058991685943
9.76714555919557,39.375,Moretna Jiru,0.006958805879145797
9.76714555919557,39.375,Menze Gera Midir,0.011664802868541551
9.76714555919557,39.375,Gishe Rabel,0.006938636824551827
9.76714555919557,39.375,Antsokiya,0.003919927954058726
9.76714555919557,39.375,Eferatana Gidem,0.005375143584524287
9.76714555919557,39.375,Menze Mama Midir,0.006825791261943418
9.76714555919557,39.375,Tarema Ber,0.005888043336310183
9.76714555919557,39.375,Mojan Wedera,0.006498449486619903
9.76714555919557,39.375,Kewet,0.007948923366292335
9.76714555919557,39.375,Angolelana Tera,0.008470991855995041
9.76714555919557,39.375,Assagirt,0.005242582848034058
9.76714555919557,39.375,Ankober,0.0074289325472647535
9.76714555919557,39.375,Hagere Mariam,0.006780980597440339
9.76714555919557,39.375,Berehet,0.008095155697467077
9.76714555919557,39.375,Minjar Shenkora,0.018061740460992324
9.76714555919557,39.375,Basona Worena,0.012758659877877065
9.76714555919557,39.375,Debre Berhan town,0.0015363928754707238
9.76714555919557,39.375,Menze Keya Gabriel,0.005727222729361909
9.76714555919557,39.375,Menze Lalo Midir,0.004014252583947066
9.76714555919557,39.375,Siya Debirna Wayu,0.004868924610419908
9.76714555919557,39.375,Tulefa town,0.0007131504122666602
9.76714555919557,39.375,Arerti town,2.0063922381891116e-05
9.76714555919557,39.375,Molale town,1.4676238678101527e-05
9.76714555919557,39.375,Debre Sina town,5.1978165941811076e-05
9.76714555919557,39.375,Shoa Robit,0.00010433720405108414
9.76714555919557,39.375,Mehale Meda town,4.22064131584227e-05
9.76714555919557,39.375,Ataye town,6.343412614003771e-05
9.76714555919557,39.375,Aleme Ketma town,4.499984304116085e-05
9.76714555919557,39.375,Hulet Ej Enese,0.00350785199908897
9.76714555919557,39.375,Goncha Siso Enebse,0.004759901476037643
9.76714555919557,39.375,Enebse Sarmder,0.011187811420976159
9.76714555919557,39.375,Enarj Enawga,0.00958316707307233
9.76714555919557,39.375,Enemay,0.007680933613858648
9.76714555919557,39.375,Debay Telatgen,0.0041946837188331365
9.76714555919557,39.375,Awabel,0.006245145506546093
9.76714555919557,39.375,Dejen,0.006568703426953436
9.76714555919557,39.375,Shebel Bernta,0.009470412160756196
9.76714555919557,39.375,Aneded,1.1157219883899142e-05
9.76714555919557,39.375,Sedae,0.006147306318590177
9.76714555919557,39.375,Gundwoin town,4.076852200274897e-05
9.76714555919557,39.375,Debrework town,3.50412893872528e-05
9.76714555919557,39.375,Merto Lemariyam town,0.00014687708690583464
9.76714555919557,39.375,Dejen town,2.7202524664587232e-05
9.76714555919557,39.375,Bechena Town,3.7098137028556385e-05
9.76714555919557,39.375,Dewa Cheffa,0.006875007184589285
9.76714555919557,39.375,Bati,0.006211485322437875
9.76714555919557,39.375,Jilye Tumuga,0.009348858792669893
9.76714555919557,39.375,Artuma Fursi,0.006436017728314854
9.76714555919557,39.375,Dewa Harewa,0.004623608960586093
9.76714555919557,39.375,Kemisie town,3.9528396546816276e-05
9.76714555919557,39.375,Chef Robit town,1.6814899780669736e-05
9.76714555919557,39.375,Senbete town,1.2220704099082552e-05
9.76714555919557,39.375,Jeldu,0.007685025310749271
9.76714555919557,39.375,Ambo Zuria,0.0010986043571470576
9.76714555919557,39.375,Dendi,0.00741435294027101
9.76714555919557,39.375,Ejere /Addis Alem,0.006092197234690363
9.76714555919557,39.375,Adda Berga,0.009918125718104916
9.76714555919557,39.375,Meta Robi,0.004749466380965301
9.76714555919557,39.375,Abuna Ginde Beret,0.00621720490125754
9.76714555919557,39.375,Ifata,0.001430967461412576
9.76714555919557,39.375,Ejersa Lafo,0.0035977549533982695
9.76714555919557,39.375,Cobi,0.0005662404993953358
9.76714555919557,39.375,Meta Walkite,0.005313060734324932
9.76714555919557,39.375,Wara Jarso,0.012154991491539192
9.76714555919557,39.375,Dera (OR),0.016183899832227518
9.76714555919557,39.375,Hidabu Abote,0.005340661814939015
9.76714555919557,39.375,Kuyu,0.009895847459665914
9.76714555919557,39.375,Degem,0.006747547462160426
9.76714555919557,39.375,Gerar Jarso,0.004968068036221021
9.76714555919557,39.375,Debre Libanos,0.0029720163762018176
9.76714555919557,39.375,Wuchale,0.009379324443958774
9.76714555919557,39.375,Abichugna Gne'a,0.007099254822273101
9.76714555919557,39.375,Kimbibit,0.00665383180423849
9.76714555919557,39.375,Fiche town,0.0001398842513863599
9.76714555919557,39.375,Yaya Gulele,0.0035766034289336965
9.76714555919557,39.375,Jida,0.005111713341087549
9.76714555919557,39.375,Aleltu,0.005163491631077069
9.76714555919557,39.375,Fentale,0.015328079558330278
9.76714555919557,39.375,Boset,0.013942460050007533
9.76714555919557,39.375,Adama,0.006696358095741955
9.76714555919557,39.375,Lome (OR),0.007342406938591579
9.76714555919557,39.375,Gimbichu,0.006964310202727816
9.76714555919557,39.375,Ada'a,0.007950993314228256
9.76714555919557,39.375,Dugda,0.0001407225320301568
9.76714555919557,39.375,Bishoftu town,0.00186161332325014
9.76714555919557,39.375,Bora (OR),0.0009131212958563341
9.76714555919557,39.375,Liben Chukala,0.007366521678097719
9.76714555919557,39.375,Adama town,0.0011468958963341746
9.76714555919557,39.375,Mojo Town,0.0004361513374013623
9.76714555919557,39.375,Metehara town,5.9661492469572965e-05
9.76714555919557,39.375,Merti,0.008327958284827516
9.76714555919557,39.375,Aseko,0.005674131243195203
9.76714555919557,39.375,Golocha,0.0003626420283021412
9.76714555919557,39.375,Jeju,0.003869543327251649
9.76714555919557,39.375,Dodota,0.0004947217511920614
9.76714555919557,39.375,Guna,0.001546976112965753
9.76714555919557,39.375,Sire,0.0013043964301050577
9.76714555919557,39.375,Shanan Kolu,0.003874658888180488
9.76714555919557,39.375,Mieso,0.011754728233074638
9.76714555919557,39.375,Anchar,0.00792046060911706
9.76714555919557,39.375,Goba Koricha,0.004247047447864311
9.76714555919557,39.375,Habro,0.007780394633829064
9.76714555919557,39.375,Daro Lebu,0.011360310745345513
9.76714555919557,39.375,Boke,0.007186980180818392
9.76714555919557,39.375,Kuni /Oda Bultum,0.0027832541826173732
9.76714555919557,39.375,Chiro Zuria,0.002626240344426964
9.76714555919557,39.375,Bedesa,2.732686330601567e-05
9.76714555919557,39.375,Hawi Gudina,0.00033668556034483177
9.76714555919557,39.375,Gumbi Bordede,0.014492187049627498
9.76714555919557,39.375,Burqua Dhintu,0.0004908047566612014
9.76714555919557,39.375,Wenchi,9.878390729715873e-05
9.76714555919557,39.375,Waliso,0.006621141797904301
9.76714555919557,39.375,Dawo,0.004775857687099395
9.76714555919557,39.375,Ilu,0.0025509052709724715
9.76714555919557,39.375,Kersana Malima,0.006273655201467648
9.76714555919557,39.375,Tole,0.004405908795756917
9.76714555919557,39.375,Becho (SW Shewa),0.004571235929418435
9.76714555919557,39.375,Seden Sodo,0.004345120767319896
9.76714555919557,39.375,Woliso town,0.00010208760519875194
9.76714555919557,39.375,Goro (SW Shewa),0.000362092108187564
9.76714555919557,39.375,Sodo Daci,0.004455996655166667
9.76714555919557,39.375,Burayu,0.0008837637586226431
9.76714555919557,39.375,Lege Tafo-Lege Dadi town,0.00033937576106684105
9.76714555919557,39.375,Sululta town,8.868897955930075e-05
9.76714555919557,39.375,Sebeta Hawas,0.007855227130304579
9.76714555919557,39.375,Sebeta town,0.0013655463667811994
9.76714555919557,39.375,Bereh,0.007390606832651957
9.76714555919557,39.375,Akaki,0.005695543553199453
9.76714555919557,39.375,Sululta,0.011960570591090867
9.76714555919557,39.375,Welmera,0.006878777321146855
9.76714555919557,39.375,Mulo,0.003604915843750979
9.76714555919557,39.375,Sendafa town,4.399828139198319e-05
9.76714555919557,39.375,Holeta town,0.00018710163183070718
9.76714555919557,39.375,Gelana (Finfine),0.0003184102884927954
9.76714555919557,39.375,Afdem,1.0801003027672275e-05
9.76714555919557,39.375,Miesso,0.0018424658461388427
9.76714555919557,39.375,Kebena,7.890859155597506e-05
9.76714555919557,39.375,Gedebano Gutazer Welene,0.000840852319279708
9.76714555919557,39.375,Sodo,0.001655077347999538
9.76714555919557,39.375,Akaki Kality,0.0013188959718982796
9.76714555919557,39.375,Nifas Silk Lafto,0.0005374604366670463
9.76714555919557,39.375,Kolfe Keraniyo,0.0005355634002795767
9.76714555919557,39.375,Bole,0.0006872614333062605
9.76714555919557,39.375,Lideta,0.00015736697211988948
9.76714555919557,39.375,Kirkos,0.00015474951988585863
9.76714555919557,39.375,Yeka,0.0006114273134091466
9.76714555919557,39.375,Addis Ketema,0.00022138798828563147
9.76714555919557,39.375,Arada,0.00010409826696574139
9.76714555919557,39.375,Gulele,0.0003890774378936005
9.76714555919557,39.375,Lemi Kura,0.0009358653779211233
9.76714555919557,42.18749999999999,Asayita,0.001242901070737591
9.76714555919557,42.18749999999999,Afambo,0.005020791271269306
9.76714555919557,42.18749999999999,Gerani,0.015524053038690564
9.76714555919557,42.18749999999999,Gewane,0.04363201315253587
9.76714555919557,42.18749999999999,Mieso,0.0041047789351961106
9.76714555919557,42.18749999999999,Doba,0.0064668612737522274
9.76714555919557,42.18749999999999,Tulo (OR),0.004504395319371773
9.76714555919557,42.18749999999999,Mesela,0.006851031816719953
9.76714555919557,42.18749999999999,Chiro town,6.185467293954959e-05
9.76714555919557,42.18749999999999,Boke,0.003638257758533712
9.76714555919557,42.18749999999999,Kuni /Oda Bultum,0.011595022700526515
9.76714555919557,42.18749999999999,Gemechis,0.010905299117170253
9.76714555919557,42.18749999999999,Chiro Zuria,0.004588039894973575
9.76714555919557,42.18749999999999,Burqua Dhintu,0.007581901154168852
9.76714555919557,42.18749999999999,Babile town,3.5588127024120516e-05
9.76714555919557,42.18749999999999,Kombolcha,0.003144120188087094
9.76714555919557,42.18749999999999,Jarso (East Hararghe),0.006053311296884956
9.76714555919557,42.18749999999999,Gursum (OR),0.009516344130200846
9.76714555919557,42.18749999999999,Babile (OR),0.04666225458108147
9.76714555919557,42.18749999999999,Fedis,0.007337167732595787
9.76714555919557,42.18749999999999,Haro Maya,0.005339226980337454
9.76714555919557,42.18749999999999,Kurfa Chele,0.0025475913131293177
9.76714555919557,42.18749999999999,Kersa (East Hararge),0.0050083046059707466
9.76714555919557,42.18749999999999,Meta,0.00484711162074104
9.76714555919557,42.18749999999999,Goro Gutu,0.00560024584257428
9.76714555919557,42.18749999999999,Deder,0.006743452753699928
9.76714555919557,42.18749999999999,Melka Balo,0.01456387152873051
9.76714555919557,42.18749999999999,Bedeno,0.00859879961365627
9.76714555919557,42.18749999999999,Midhaga Tola,0.016234779807833978
9.76714555919557,42.18749999999999,Chinaksen,0.01635527596572783
9.76714555919557,42.18749999999999,Girawa,0.011603684624665895
9.76714555919557,42.18749999999999,Golo Oda,0.02023053911922166
9.76714555919557,42.18749999999999,Meyu Muleke,0.019294461332508464
9.76714555919557,42.18749999999999,Haromaya town,5.905925588298018e-05
9.76714555919557,42.18749999999999,Goro Muti,0.0022756692391943407
9.76714555919557,42.18749999999999,Deder town,3.164557911972329e-05
9.76714555919557,42.18749999999999,Kumbi,0.006279604322164443
9.76714555919557,42.18749999999999,Aweday town,0.0006200282184846966
9.76714555919557,42.18749999999999,Ayisha,0.05658530329848642
9.76714555919557,42.18749999999999,Dembel,0.028338807434491322
9.76714555919557,42.18749999999999,Shinile,0.03757449980565244
9.76714555919557,42.18749999999999,Erer (SM),0.044344329944550814
9.76714555919557,42.18749999999999,Afdem,0.02684150637848102
9.76714555919557,42.18749999999999,Hadhagala,0.041281812418174774
9.76714555919557,42.18749999999999,Miesso,0.007217460555838683
9.76714555919557,42.18749999999999,Gota-Biki,0.011621550224460979
9.76714555919557,42.18749999999999,Gablalu,0.06464326889397094
9.76714555919557,42.18749999999999,Gursum (SM),0.0021021018014881813
9.76714555919557,42.18749999999999,Babile (SM),0.0036355292861084297
9.76714555919557,42.18749999999999,Shabeeley,0.016919695538995087
9.76714555919557,42.18749999999999,Aw-Bare,0.018838104679738486
9.76714555919557,42.18749999999999,Kebribeyah,0.029780938942855172
9.76714555919557,42.18749999999999,Harshin,0.009204267494131084
9.76714555919557,42.18749999999999,Tuliguled,0.004544740659301116
9.76714555919557,42.18749999999999,Goljano,0.0033336224670584757
9.76714555919557,42.18749999999999,Jigjiga town,0.002334941647899068
9.76714555919557,42.18749999999999,Wajale town,0.0012080294138925348
9.76714555919557,42.18749999999999,Kebribayah town,0.0003045585814697807
9.76714555919557,42.18749999999999,Koran /Mulla,0.015377128864042404
9.76714555919557,42.18749999999999,Haroreys,0.00871122217488593
9.76714555919557,42.18749999999999,Harawo,0.016129148703350915
9.76714555919557,42.18749999999999,Degehamedo,0.00191202306577513
9.76714555919557,42.18749999999999,Degehabur,0.0033298929563496654
9.76714555919557,42.18749999999999,Bilcil-Bur,0.008142662117152663
9.76714555919557,42.18749999999999,Yocale,0.0007220782549981298
9.76714555919557,42.18749999999999,Ararso,0.010111448311425292
9.76714555919557,42.18749999999999,Fik,0.0038646218435480022
9.76714555919557,42.18749999999999,Meyumuluka,0.003283846466006536
9.76714555919557,42.18749999999999,Sofi,0.0013781206073507695
9.76714555919557,42.18749999999999,Shenkor,0.00028459441213956693
9.76714555919557,42.18749999999999,Jinela,0.00019978864574918688
9.76714555919557,42.18749999999999,Hakim,0.0004367456627899322
9.76714555919557,42.18749999999999,Erer (HR),0.001036345837076652
9.76714555919557,42.18749999999999,Dire Teyara,0.00011916027859769924
9.76714555919557,42.18749999999999,Amir Nur,0.0001242668536077845
9.76714555919557,42.18749999999999,Aboker,0.00010716736874094597
9.76714555919557,42.18749999999999,Abadir,0.00020136157325530333
9.76714555919557,42.18749999999999,Sabian,0.0002070308176412261
9.76714555919557,42.18749999999999,Malka Jabti /M.Jebdu),0.00023091658987212796
9.76714555919557,42.18749999999999,Addis Ketema (DD),0.00011580412677559014
9.76714555919557,42.18749999999999,Dechatu,1.4045307869368483e-05
9.76714555919557,42.18749999999999,Kazira,0.00013449985518312763
9.76714555919557,42.18749999999999,Police Maret,9.333730870329425e-05
9.76714555919557,42.18749999999999,Aseliso,0.0010761068198531399
9.76714555919557,42.18749999999999,Jeldessa,0.003568295374443599
9.76714555919557,42.18749999999999,Wahil,0.0019217417400970776
9.76714555919557,42.18749999999999,Biyoawale,0.003672844877832565
9.76714555919557,45.0,Harshin,0.03826259061454049
9.76714555919557,45.0,Degehabur,0.0008120741733086303
9.76714555919557,45.0,Aware,5.016280409710247e-05
9.76714555919557,45.0,Gashamo,0.026015792712656183
9.76714555919557,45.0,Yocale,0.009890087027609592
9.76714555919557,45.0,Daror,0.04578724040366259
12.557756115230676,33.75,Guba,0.008977043033165643
12.557756115230676,33.75,Sedal,0.0009305440347641751
12.557756115230676,36.56250000000001,Asgede,0.0027806471711125757
12.557756115230676,36.56250000000001,Tselemti,0.009031341081196876
12.557756115230676,36.56250000000001,Tsimbla,0.00048368131545766744
12.557756115230676,36.56250000000001,Kafta Humera,0.01433200840596903
12.557756115230676,36.56250000000001,Welkait,0.022012884512633824
12.557756115230676,36.56250000000001,Tsegede (TG),0.023235937079038392
12.557756115230676,36.56250000000001,May Kadra,0.007453390673942908
12.557756115230676,36.56250000000001,Dansha town,0.011563014299678103
12.557756115230676,36.56250000000001,Awra (TG),0.009068415859270231
12.557756115230676,36.56250000000001,Korarit,0.004386527732635795
12.557756115230676,36.56250000000001,May Gaba,0.0001567355925009191
12.557756115230676,36.56250000000001,Addi Arekay,0.007115834034590962
12.557756115230676,36.56250000000001,Debark,0.011062375342691074
12.557756115230676,36.56250000000001,Dabat,0.011571091537202182
12.557756115230676,36.56250000000001,Dabat town,5.06227907003607e-05
12.557756115230676,36.56250000000001,Debark town,6.010164736466952e-05
12.557756115230676,36.56250000000001,Ebenat,0.00039215343223484797
12.557756115230676,36.56250000000001,Libokemekem,0.010554430444738526
12.557756115230676,36.56250000000001,Fogera,0.011615199243712895
12.557756115230676,36.56250000000001,Farta,0.0023915401932872245
12.557756115230676,36.56250000000001,East Esite,0.0018312170313519365
12.557756115230676,36.56250000000001,Dera (AM),0.016078073768238926
12.557756115230676,36.56250000000001,Debre Tabor town,6.935720680725633e-05
12.557756115230676,36.56250000000001,Andabet/ West Esite,0.006508211733270536
12.557756115230676,36.56250000000001,Hamusit town,3.5517247296217106e-05
12.557756115230676,36.56250000000001,Woreta town,6.175978043588476e-05
12.557756115230676,36.56250000000001,Adiss Zemen town,3.8525958171677466e-05
12.557756115230676,36.56250000000001,Hulet Ej Enese,0.0010133705562196385
12.557756115230676,36.56250000000001,Semen Achefer,0.0121702368571891
12.557756115230676,36.56250000000001,Bahirdar Zuria,0.015241946083071759
12.557756115230676,36.56250000000001,Yilmana Densa,0.008269465296944556
12.557756115230676,36.56250000000001,Mecha,0.005768978127415077
12.557756115230676,36.56250000000001,Bahir Dar town,0.002254031244827435
12.557756115230676,36.56250000000001,Debub Achefer,0.011613423625373393
12.557756115230676,36.56250000000001,Debub Mecha,0.00880583904106781
12.557756115230676,36.56250000000001,Gonje,0.004013394859068569
12.557756115230676,36.56250000000001,Dure Bete,2.1087943749949662e-05
12.557756115230676,36.56250000000001,Merawi town,3.0427792489829553e-05
12.557756115230676,36.56250000000001,Adete town,4.137176348509309e-05
12.557756115230676,36.56250000000001,Dangila,0.00790112282628915
12.557756115230676,36.56250000000001,Fagta Lakoma,0.00028257199022068183
12.557756115230676,36.56250000000001,Jawi,0.03452005997154732
12.557756115230676,36.56250000000001,Fendika town,1.5337498209827908e-05
12.557756115230676,36.56250000000001,Dangila town,9.558523011204112e-05
12.557756115230676,36.56250000000001,Amba Giorgis town,8.712122784157526e-05
12.557756115230676,36.56250000000001,Shawra town,2.9618321377486245e-05
12.557756115230676,36.56250000000001,Kolla Debba town,3.387110682296817e-05
12.557756115230676,36.56250000000001,Chilga 1,0.007621557030105674
12.557756115230676,36.56250000000001,Tegede,0.019975310735746116
12.557756115230676,36.56250000000001,Lay Armacho,0.011235936767568651
12.557756115230676,36.56250000000001,Wegera,0.013049513421670067
12.557756115230676,36.56250000000001,Gonder Zuria,0.01173490168844546
12.557756115230676,36.56250000000001,East Dembia,0.005084165918490126
12.557756115230676,36.56250000000001,Chilga 2,0.007928521767281316
12.557756115230676,36.56250000000001,Alefa,0.020697792247202206
12.557756115230676,36.56250000000001,West Belesa,0.012481569754055582
12.557756115230676,36.56250000000001,East Belesa,0.0005621038785648098
12.557756115230676,36.56250000000001,Gondar town,0.00309903309214987
12.557756115230676,36.56250000000001,Masero Denb /Central Armacho,0.015768185986502637
12.557756115230676,36.56250000000001,Tach Armacho,0.014254122547866602
12.557756115230676,36.56250000000001,Takusa,0.02061652988412388
12.557756115230676,36.56250000000001,Kinfaz Begela,0.004288146398957788
12.557756115230676,36.56250000000001,West Dembiya,0.008245819586204014
12.557756115230676,36.56250000000001,Aykel town,3.167296749274773e-05
12.557756115230676,36.56250000000001,Adagn Ager Chaqo,0.015710040784057126
12.557756115230676,36.56250000000001,Mirab Armacho,0.015825902720159837
12.557756115230676,36.56250000000001,Metema,0.05650646153406143
12.557756115230676,36.56250000000001,Quara,0.08934639504502903
12.557756115230676,36.56250000000001,Midre Genet,0.00010204568321263077
12.557756115230676,36.56250000000001,Metema Yohanes town,9.589904740180261e-05
12.557756115230676,36.56250000000001,Gendawuha town,0.00012069607672520481
12.557756115230676,36.56250000000001,Dangur,0.04185043053458255
12.557756115230676,36.56250000000001,Guba,0.05631434048859634
12.557756115230676,36.56250000000001,Mandura,0.00025496281437198805
12.557756115230676,36.56250000000001,Pawe,0.006810095165020116
12.557756115230676,39.375,Zana,0.005248483036500126
12.557756115230676,39.375,Tahtay Koraro,0.0002630135790310026
12.557756115230676,39.375,Asgede,0.00019215125390214602
12.557756115230676,39.375,Tselemti,0.011486206149842181
12.557756115230676,39.375,Tsimbla,0.008508611160104863
12.557756115230676,39.375,Endabaguna town,3.019551169950525e-05
12.557756115230676,39.375,Dima (TG),0.009074799877814205
12.557756115230676,39.375,May Tsebri town,4.624289310569769e-05
12.557756115230676,39.375,Edaga arbi,0.0013440708714822906
12.557756115230676,39.375,Tahtay Mayechew,0.0002042230961121061
12.557756115230676,39.375,Adet,0.006085333014678386
12.557756115230676,39.375,Kola Temben,0.007642252717858385
12.557756115230676,39.375,Naeder,0.003301378448473694
12.557756115230676,39.375,Abergele (TG),0.011979925733871561
12.557756115230676,39.375,Abi Adi town,0.0002098163859868426
12.557756115230676,39.375,Endafelasi,0.0032575076934562935
12.557756115230676,39.375,Emba Sieneti,0.0003152741911756144
12.557756115230676,39.375,Keyhe tekli,0.00761752158967147
12.557756115230676,39.375,Tanqua Melashe,0.003951279312001139
12.557756115230676,39.375,Hawzen,0.0032796716272278036
12.557756115230676,39.375,Kelete Awelallo,0.005400028880937573
12.557756115230676,39.375,Atsbi,0.0038357541191875065
12.557756115230676,39.375,Wukro town,0.00021723149891116427
12.557756115230676,39.375,Tsaeda Emba,0.00019821293584931617
12.557756115230676,39.375,Atsbi town,1.0765276840032147e-05
12.557756115230676,39.375,Agulae,0.009994419654317008
12.557756115230676,39.375,Geraleta,0.0036939307983912995
12.557756115230676,39.375,Selewa,0.002924366168141105
12.557756115230676,39.375,Bora (TG),0.0019809141332391917
12.557756115230676,39.375,Neqsege,0.0017878575286136864
12.557756115230676,39.375,Emba Alaje,0.003652075737605721
12.557756115230676,39.375,Endamehoni,0.004799905182826048
12.557756115230676,39.375,Raya Azebo,0.011566131781212801
12.557756115230676,39.375,Raya Alamata,0.007475125727179135
12.557756115230676,39.375,Ofla,0.006758653834059728
12.557756115230676,39.375,Maichew town,0.00017192379693788278
12.557756115230676,39.375,Korem town,0.00011883243875685087
12.557756115230676,39.375,Alamata town,0.0001339048991293016
12.557756115230676,39.375,Mekhoni town,4.128336673494223e-05
12.557756115230676,39.375,Zata,0.0044505958101742505
12.557756115230676,39.375,Chercher,0.007841414826855832
12.557756115230676,39.375,Saharti,0.006329544426080763
12.557756115230676,39.375,Enderta,0.014893613896113753
12.557756115230676,39.375,Hintalo,0.009566121019108552
12.557756115230676,39.375,Degua Temben,0.004652420840618786
12.557756115230676,39.375,Hagere Selam town,5.567509948694809e-05
12.557756115230676,39.375,Samre,0.011729663704647649
12.557756115230676,39.375,Adigudom,0.0001724866328893273
12.557756115230676,39.375,Wajirat,0.009325340446761013
12.557756115230676,39.375,Mekelle,0.005568886796889084
12.557756115230676,39.375,Dubti,0.01284494358494939
12.557756115230676,39.375,Mile,0.014346173394091197
12.557756115230676,39.375,Chifra,0.015696336700777403
12.557756115230676,39.375,Kori,0.003518020049681485
12.557756115230676,39.375,Adar,0.019987297512517238
12.557756115230676,39.375,Erebti,0.027759573235645544
12.557756115230676,39.375,Kunneba,0.0012870690093357156
12.557756115230676,39.375,Abaala,0.010236578559515822
12.557756115230676,39.375,Megale,0.011972088980454834
12.557756115230676,39.375,Berahile,0.015043436913776603
12.557756115230676,39.375,Afdera,0.0670014023720703
12.557756115230676,39.375,Bidu,0.0041379973321595655
12.557756115230676,39.375,Abaala town,0.002011765122063697
12.557756115230676,39.375,Gewane,1.3469212173892795e-05
12.557756115230676,39.375,Awra (AF),0.024252390348988604
12.557756115230676,39.375,Euwa,0.015265561609068785
12.557756115230676,39.375,Teru,0.05697291569423741
12.557756115230676,39.375,Yalo,0.008094654537527453
12.557756115230676,39.375,Gulina,0.008963024907302514
12.557756115230676,39.375,Addi Arekay,0.008485492528228965
12.557756115230676,39.375,Beyeda,0.010290151390324808
12.557756115230676,39.375,Janamora,0.013769822683546174
12.557756115230676,39.375,Debark,0.002181670372492715
12.557756115230676,39.375,Telemt,0.008253147130680445
12.557756115230676,39.375,Ebenat,0.016702932653256283
12.557756115230676,39.375,Fogera,7.70128391006901e-05
12.557756115230676,39.375,Farta,0.005589439985143145
12.557756115230676,39.375,Lay Gayint,0.016022745386441144
12.557756115230676,39.375,Tach Gayint,0.008721498654959161
12.557756115230676,39.375,Semada,0.011974530141846846
12.557756115230676,39.375,East Esite,0.012174544857477987
12.557756115230676,39.375,Debre Tabor town,0.0011033214533428
12.557756115230676,39.375,Andabet/ West Esite,0.0020397644763891216
12.557756115230676,39.375,Guna Begemider,0.004917870800136242
12.557756115230676,39.375,Mena Meketewa,0.00788461617069617
12.557756115230676,39.375,Sede Muja,0.009535098009196908
12.557756115230676,39.375,Nefas Mewicha town,8.149154333030875e-05
12.557756115230676,39.375,Wegeda town,5.089294094268352e-05
12.557756115230676,39.375,Ebenat town,2.2779199431987512e-05
12.557756115230676,39.375,Mekan Eyesuse,0.00035509084779357413
12.557756115230676,39.375,Bugna,0.013799407964150849
12.557756115230676,39.375,Raya Kobo,0.020339004794224718
12.557756115230676,39.375,Gidan,0.011501979823784732
12.557756115230676,39.375,Meket,0.013954543586078663
12.557756115230676,39.375,Wadla,0.008731474896135032
12.557756115230676,39.375,Hara town,6.963640152541296e-05
12.557756115230676,39.375,Guba Lafto,0.008363025687102343
12.557756115230676,39.375,Habru,0.013919138694958332
12.557756115230676,39.375,Woldiya town,0.0008340483948426476
12.557756115230676,39.375,Lasta,0.011804988703035316
12.557756115230676,39.375,Dawunt,0.006531124722389137
12.557756115230676,39.375,Gazo,0.0010910083220886369
12.557756115230676,39.375,Angot,0.006119334621768949
12.557756115230676,39.375,Filakit town,0.00012172001161575489
12.557756115230676,39.375,Gashena town,0.00031042257242783476
12.557756115230676,39.375,Mersa town,5.134010110963152e-05
12.557756115230676,39.375,Lalibela town,8.274737081788704e-05
12.557756115230676,39.375,Kobo town,6.252587621928612e-05
12.557756115230676,39.375,Tenta,0.008464630669885313
12.557756115230676,39.375,Kutaber,0.007152710286945916
12.557756115230676,39.375,Ambasel,0.00932105539113524
12.557756115230676,39.375,Thehulederie,0.004663235895836481
12.557756115230676,39.375,Delanta,0.011114531058786499
12.557756115230676,39.375,Kalu,0.002464158127952564
12.557756115230676,39.375,Dessie Zuria,0.0008389800725387489
12.557756115230676,39.375,Sayint,0.0025048052727648694
12.557756115230676,39.375,Kombolcha town,7.25914408790305e-05
12.557756115230676,39.375,Dessie town,0.0007807546865135839
12.557756115230676,39.375,Mekdela,0.012488934875100537
12.557756115230676,39.375,Worebabu,0.007927275632498619
12.557756115230676,39.375,Wegel tena town,5.7336449856365864e-05
12.557756115230676,39.375,Hike town,2.0750765086985786e-05
12.557756115230676,39.375,Hulet Ej Enese,0.00024948816373100393
12.557756115230676,39.375,Zequala,0.018325063278331735
12.557756115230676,39.375,Sekota,0.013247578415444055
12.557756115230676,39.375,Dehana,0.017409249611877304
12.557756115230676,39.375,Gaz Gibla,0.010926248866386877
12.557756115230676,39.375,Abergele (AM),0.016727674633256452
12.557756115230676,39.375,Sahila,0.012154648608550629
12.557756115230676,39.375,Sekota town,0.0010697085170506457
12.557756115230676,39.375,Tsagbeji,0.004709268971520317
12.557756115230676,39.375,Bati,0.006570736007225217
12.557756115230676,39.375,Bati Town,3.83482122885383e-05
12.557756115230676,39.375,West Belesa,0.0008507577133857454
12.557756115230676,39.375,East Belesa,0.014499686128769219
12.557756115230676,39.375,Kinfaz Begela,0.014619492240647396
12.557756115230676,42.18749999999999,Dubti,0.03758772673598892
12.557756115230676,42.18749999999999,Elidar,0.1154142259167465
12.557756115230676,42.18749999999999,Asayita,0.015937652629951865
12.557756115230676,42.18749999999999,Afambo,0.013019348590781445
12.557756115230676,42.18749999999999,Mile,0.00907321593958995
12.557756115230676,42.18749999999999,Dubti town,7.144537206893688e-05
12.557756115230676,42.18749999999999,Kori,0.026869546773015
12.557756115230676,42.18749999999999,Gerani,0.03182255782328693
12.557756115230676,42.18749999999999,Asayita town,0.0005303690999717595
12.557756115230676,42.18749999999999,Samera Logiya town,0.0008010393930110891
12.557756115230676,42.18749999999999,Afdera,0.05315703088219048
12.557756115230676,42.18749999999999,Bidu,0.07002703759284064
12.557756115230676,42.18749999999999,Gewane,0.0002562732944153203
12.557756115230676,42.18749999999999,Teru,0.004433760592765591
15.348364759491494,36.56250000000001,Tahtay Adiyabo,0.030750376875500855
15.348364759491494,36.56250000000001,Asgede,0.008491980250570777
15.348364759491494,36.56250000000001,Sheraro town,0.0007725506750969335
15.348364759491494,36.56250000000001,Adi Hageray,0.001791089315837361
15.348364759491494,36.56250000000001,Kafta Humera,0.03900967541626074
15.348364759491494,36.56250000000001,Welkait,0.004183082122870978
15.348364759491494,36.56250000000001,Setit Humera,0.0011081521733425734
15.348364759491494,36.56250000000001,May Kadra,0.004533363395297192
15.348364759491494,36.56250000000001,Korarit,0.0007701603215528904
15.348364759491494,39.375,Tahtay Adiyabo,0.00031488125580353095
15.348364759491494,39.375,Laelay Adiabo,0.006065647745532709
15.348364759491494,39.375,Zana,0.0008359663956790094
15.348364759491494,39.375,Tahtay Koraro,0.00891891276805005
15.348364759491494,39.375,Asgede,0.005247754350504764
15.348364759491494,39.375,Indasilassie town,0.0001560254363413465
15.348364759491494,39.375,Selekleka,0.004260860996065097
15.348364759491494,39.375,Seyemti Adyabo,0.00757363756389312
15.348364759491494,39.375,Adi Daero,0.0010834277781104267
15.348364759491494,39.375,Adi Hageray,0.007916925260902409
15.348364759491494,39.375,Tsimbla,0.0016979643340420507
15.348364759491494,39.375,Chila,0.006303117335280852
15.348364759491494,39.375,Aheferom,0.004906983056435945
15.348364759491494,39.375,Edaga arbi,0.0021804408680498547
15.348364759491494,39.375,Adwa,0.007022672189750475
15.348364759491494,39.375,Laelay Maychew,0.0050415284913036835
15.348364759491494,39.375,Tahtay Mayechew,0.0036769443021914573
15.348364759491494,39.375,Adet,0.00045171313445954676
15.348364759491494,39.375,Naeder,0.001916067064675499
15.348364759491494,39.375,Adwa town,0.00029126092810376864
15.348364759491494,39.375,Axum town,0.00019338759813316309
15.348364759491494,39.375,Rama,0.005108999357456373
15.348364759491494,39.375,Ahsea,0.0038645245878564834
15.348364759491494,39.375,Egela,0.007168949587580361
15.348364759491494,39.375,Hahayle,0.00218684884330957
15.348364759491494,39.375,Endafelasi,0.0016578456269599599
15.348364759491494,39.375,Emba Sieneti,0.0039034715225772895
15.348364759491494,39.375,Enticho town,4.110626630393348e-05
15.348364759491494,39.375,Gulo Mekeda,0.005404223363970092
15.348364759491494,39.375,Erob,0.009817186829441353
15.348364759491494,39.375,Saesie,0.006470238846570865
15.348364759491494,39.375,Ganta Afeshum,0.00496491856195865
15.348364759491494,39.375,Hawzen,0.004603626144186597
15.348364759491494,39.375,Kelete Awelallo,6.832027099399947e-05
15.348364759491494,39.375,Atsbi,0.0025955360835806227
15.348364759491494,39.375,Adigrat town,0.0002062476050673515
15.348364759491494,39.375,Bizet,0.0017065213206772165
15.348364759491494,39.375,Edaga Hamus town,3.0912581360237374e-05
15.348364759491494,39.375,Hawzen town,4.361194110949634e-05
15.348364759491494,39.375,Freweyni town,3.2889864015657255e-05
15.348364759491494,39.375,Tsaeda Emba,0.005226962141437391
15.348364759491494,39.375,Zala Anbesa town,3.3091550187315614e-05
15.348364759491494,39.375,Kunneba,0.0024370370505547097
15.348364759491494,39.375,Berahile,0.016032482261707358
15.348364759491494,39.375,Dalol,0.02382462143459863
15.348364759491494,39.375,Afdera,0.01040419156894424
15.348364759491494,42.18749999999999,Afdera,0.002366880593728648
